Segment,Customers,Avg_Recency,Avg_Frequency,Avg_Monetary,Total_Revenue
0,298,72.74161073825503,8.516778523489933,3322.2229845637585,990022.4494
1,335,101.19701492537314,4.731343283582089,1669.6882901492538,559345.5772
2,64,123.71875,8.296875,9479.5456875,606690.924
3,96,559.4895833333334,3.6979166666666665,1470.2282260416666,141141.9097
