total_sales,total_profit,avg_discount,sales_mom,profit_mom
83829.3188,8483.346800000001,0.1465800865800866,-0.2922679770607861,-0.12453498304667254
